{
  "project_info": {
    "project_number": "25437925335",
    "project_id": "covon-19",
    "storage_bucket": "covon-19.appspot.com"
  },
  "client": [
    {
      "client_info": {
        "mobilesdk_app_id": "1:25437925335:android:a1d98d05ab012ba242e592",
        "android_client_info": {
          "package_name": "com.opdevs.covon_21"
        }
      },
      "oauth_client": [
        {
          "client_id": "25437925335-nh07h4bfojh7gor3u8i6a8srcu9ghpmq.apps.googleusercontent.com",
          "client_type": 3
        }
      ],
      "api_key": [
        {
          "current_key": "AIzaSyAI4ABGxx8uAPuPiJJQqWQsK2EBSC0b_jw"
        }
      ],
      "services": {
        "appinvite_service": {
          "other_platform_oauth_client": [
            {
              "client_id": "25437925335-nh07h4bfojh7gor3u8i6a8srcu9ghpmq.apps.googleusercontent.com",
              "client_type": 3
            }
          ]
        }
      }
    }
  ],
  "configuration_version": "1"
}